City_ID,City,Lat,Lng,Max Temp,Humidity,Cloudiness,Wind Speed,Country,Date
0,san luis de la loma,17.2706,-100.8939,28.48,74,99,3.22,MX,1731535534
1,tres lagoas,-20.7511,-51.6783,24.29,55,58,2.36,BR,1731535535
2,terra rica,-22.7094,-52.6169,23.35,34,0,2.84,BR,1731535536
3,waitangi,-43.9535,-176.5597,11.24,73,38,5.94,NZ,1731535227
4,port-aux-francais,-49.35,70.2167,4.05,88,100,13.51,TF,1731535212
5,thompson,55.7435,-97.8558,3.09,60,20,4.63,CA,1731535539
6,mary,37.0,62.5,5.34,63,46,4.43,TM,1731535540
7,san patricio,28.017,-97.5169,30.97,46,32,3.32,US,1731535541
8,lebu,-37.6167,-73.65,13.84,80,100,7.9,CL,1731535542
9,montana,43.4125,23.225,4.62,93,99,0.85,BG,1731535544
10,adamstown,-25.066,-130.1015,21.86,81,94,3.79,PN,1731535545
11,grytviken,-54.2811,-36.5092,-1.66,84,100,0.56,GS,1731535546
12,i-n-salah,27.1935,2.4607,21.64,25,2,5.28,DZ,1731535547
13,corumba,-19.0092,-57.6533,27.95,42,0,2.06,BR,1731535548
14,port alfred,-33.5906,26.891,16.21,83,98,1.84,ZA,1731535549
15,tazacorte,28.629,-17.9293,19.54,76,40,3.58,ES,1731535550
16,sur,22.5667,59.5289,25.84,65,0,4.46,OM,1731535551
17,mount isa,-20.7333,139.5,28.87,24,86,8.23,AU,1731535552
18,albany,42.6001,-73.9662,4.24,52,0,1.61,US,1731535284
19,puerto natales,-51.7236,-72.4875,13.25,38,40,13.89,CL,1731535365
20,al qusayr,34.5091,36.5798,14.05,81,0,0.84,SY,1731535555
21,piacabucu,-10.4056,-36.4344,25.07,79,15,5.67,BR,1731535556
22,barcelos,41.5388,-8.6151,11.24,73,100,2.9,PT,1731535557
23,ma'rib,15.4591,45.3253,18.05,20,7,2.16,YE,1731535558
24,whitehorse,60.7161,-135.0538,-5.5,92,100,3.09,CA,1731535559
25,alotau,-10.3069,150.4462,27.33,84,100,0.91,PG,1731535560
26,colac,-38.3333,143.5833,13.26,58,2,2.51,AU,1731535561
27,chonchi,-42.6128,-73.8092,16.18,93,100,0.29,CL,1731535296
28,ilulissat,69.2167,-51.1,-1.99,64,100,8.75,GL,1731535237
29,rembangan,-6.7036,111.3416,25.91,88,99,1.83,ID,1731535565
30,yellowknife,62.456,-114.3525,-9.77,97,75,3.6,CA,1731535207
31,xam nua,20.4197,104.0439,16.93,93,1,0.94,LA,1731535567
32,khandyga,62.6667,135.6,-27.68,93,35,1.86,RU,1731535568
33,georgetown,5.4112,100.3354,26.96,83,40,2.68,MY,1731535220
34,port elizabeth,-33.918,25.5701,16.29,82,40,1.54,ZA,1731535338
35,badger,64.8,-147.5333,-19.24,73,75,0.0,US,1731535572
36,bilibino,68.0546,166.4372,-20.8,100,35,2.4,RU,1731535573
37,kulhudhuffushi,6.6221,73.07,28.07,72,30,3.22,MV,1731535574
38,kalmunai,7.4167,81.8167,26.02,86,97,2.0,LK,1731535575
39,sona,45.4388,10.8255,7.14,84,0,1.54,IT,1731535576
40,rongelap,11.1635,166.8941,28.59,70,82,7.12,MH,1731535325
41,baotou,40.6522,109.8222,4.49,85,0,0.42,CN,1731535579
42,sisteron,44.1876,5.9462,4.5,86,90,2.74,FR,1731535580
43,omdurman,15.6445,32.4777,28.53,30,36,6.2,SD,1731535581
44,juneau,58.3019,-134.4197,3.01,100,100,1.98,US,1731535322
45,west island,-12.1568,96.8225,25.99,83,91,6.69,CC,1731535217
46,kencong,-8.2833,113.3667,24.13,89,11,1.28,ID,1731535584
47,hermanus,-34.4187,19.2345,14.89,74,24,7.06,ZA,1731535197
48,udachny,66.4167,112.4,-30.5,99,38,2.73,RU,1731535587
49,invercargill,-46.4,168.35,14.45,83,100,0.89,NZ,1731535243
50,heroldsbach,49.6934,10.9988,4.24,92,100,1.11,DE,1731535589
51,magherafelt,54.7536,-6.6066,11.99,97,100,2.25,GB,1731535590
52,brookings,44.3114,-96.7984,8.0,84,100,5.14,US,1731535334
53,holdrege,40.4403,-99.3698,12.95,38,0,10.29,US,1731535533
54,tazovsky,67.4667,78.7,-29.29,100,96,1.14,RU,1731535594
55,mount pearl,47.5166,-52.7813,3.03,94,100,15.95,CA,1731535595
56,sinjai,-5.1241,120.253,24.98,85,17,1.63,ID,1731535596
57,blackmans bay,-43.0167,147.3167,13.07,60,67,1.79,AU,1731535231
58,simanggang,1.2472,111.4528,23.99,100,75,0.0,MY,1731535598
59,dalandzadgad,43.5708,104.425,2.15,53,32,3.3,MN,1731535600
60,yamada,39.4667,141.95,4.21,69,4,1.93,JP,1731535601
61,toliara,-23.35,43.6667,23.45,80,16,5.72,MG,1731535601
62,bredasdorp,-34.5322,20.0403,14.54,68,25,4.12,ZA,1731535603
63,tateyama,34.9833,139.8667,16.96,75,69,4.94,JP,1731535604
64,rockland,41.1668,-74.0496,7.19,44,0,1.74,US,1731535605
65,uturoa,-16.7333,-151.4333,26.08,74,50,6.34,PF,1731535606
66,sultanah,24.4926,39.5857,25.25,20,0,1.03,SA,1731535607
67,kuching,1.55,110.3333,25.58,97,20,1.54,MY,1731535608
68,kailua-kona,19.6406,-155.9956,29.04,67,75,4.12,US,1731535573
69,birzebbuga,35.8258,14.5269,16.38,88,20,2.06,MT,1731535611
70,college,64.8569,-147.8028,-17.28,80,95,0.58,US,1731535244
71,happy valley-goose bay,53.3168,-60.3315,-6.31,66,0,1.33,CA,1731535613
72,yujing,23.1249,120.4614,22.69,88,57,0.83,TW,1731535614
73,bethel,41.3712,-73.414,7.51,45,0,0.45,US,1731535188
74,hadibu,12.65,54.0333,25.09,61,7,3.75,YE,1731535616
75,hamilton,39.1834,-84.5333,14.67,63,0,4.12,US,1731535617
76,katsuren-haebaru,26.3369,127.8719,26.01,88,75,3.09,JP,1731535618
77,taulaga,-11.0553,-171.0883,28.12,80,38,8.03,AS,1731535619
78,iqaluit,63.7506,-68.5145,-11.28,72,95,1.34,CA,1731535620
79,olonkinbyen,70.9221,-8.7187,-1.59,62,1,11.8,SJ,1731535235
80,port augusta,-32.5,137.7667,17.56,62,0,3.93,AU,1731535622
81,inhambane,-23.865,35.3833,23.92,84,100,5.04,MZ,1731535623
82,ribeira grande,38.5167,-28.7,19.22,82,40,3.09,PT,1731535245
83,umba,66.6871,34.3429,2.57,87,18,7.03,RU,1731535409
84,tiksi,71.6872,128.8694,-24.73,100,97,1.49,RU,1731535215
85,nemuro,43.3236,145.575,3.02,66,5,3.59,JP,1731535627
86,gustavsberg,59.3268,18.3898,5.94,95,92,2.64,SE,1731535628
87,taesal-li,36.9714,126.4542,14.77,72,33,3.03,KR,1731535629
88,n'zeto,-7.2312,12.8666,25.79,89,100,3.82,AO,1731535631
89,santana,-0.0583,-51.1817,30.1,70,20,5.14,BR,1731535558
90,carnarvon,-24.8667,113.6333,20.9,85,84,5.36,AU,1731535633
91,tofol,5.3248,163.0078,28.37,73,78,4.81,FM,1731535634
92,bardai,11.65,7.2333,23.25,32,0,3.86,NG,1731535198
93,dong ha,16.8163,107.1003,22.05,96,44,0.66,VN,1731535552
94,ushuaia,-54.8,-68.3,9.01,69,62,4.92,AR,1731535634
95,tromso,69.6496,18.957,1.01,93,100,11.32,NO,1731535345
96,beruniy,41.6911,60.7525,-5.02,74,0,1.03,UZ,1731535639
97,puerto ayora,-0.7393,-90.3518,24.19,81,16,2.24,EC,1731535210
98,kilindoni,-7.9139,39.6668,26.77,79,12,5.2,TZ,1731535641
99,kalianget,-7.05,113.9333,28.02,73,65,4.48,ID,1731535642
100,saipan,15.1355,145.701,29.39,82,40,6.69,MP,1731535643
101,xinqing,48.2333,129.5,-5.11,75,4,0.81,CN,1731535645
102,nioki,-2.7167,17.6833,23.85,88,99,0.87,CD,1731535646
103,kinkala,-4.3614,14.7644,22.97,91,88,0.95,CG,1731535647
104,saint-pierre,-21.3393,55.4781,23.82,73,20,2.57,RE,1731535648
105,edinburgh of the seven seas,-37.0676,-12.3116,16.19,91,86,10.6,SH,1731535649
106,phimai,15.2232,102.4947,24.29,84,96,2.06,TH,1731535650
107,zyrya,40.3661,50.2917,10.05,68,100,4.86,AZ,1731535651
108,breyten,-26.3018,29.987,11.32,85,50,4.52,ZA,1731535653
109,vernon,50.2581,-119.2691,7.74,85,100,1.44,CA,1731535654
110,chokwe,-24.5333,32.9833,22.3,73,94,7.16,MZ,1731535655
111,papatowai,-46.5619,169.4708,15.86,61,100,2.4,NZ,1731535656
112,hasaki,35.7333,140.8333,18.04,59,100,3.93,JP,1731535657
113,aasiaat,68.7098,-52.8699,-4.19,64,98,11.05,GL,1731535658
114,baldivis,-32.3299,115.8218,17.82,74,52,0.45,AU,1731535659
115,avarua,-21.2078,-159.775,25.03,65,75,5.14,CK,1731534952
116,wailua homesteads,22.0669,-159.378,26.44,80,100,9.26,US,1731535661
117,caleta de carquin,-11.0925,-77.6267,20.04,77,20,3.71,PE,1731535662
118,gadzhiyevo,69.2551,33.3362,2.38,81,34,10.23,RU,1731535663
119,nova sintra,14.8667,-24.7167,26.06,70,86,2.45,CV,1731535664
120,jamestown,42.097,-79.2353,8.8,29,0,3.09,US,1731535539
121,chemin grenier,-20.4872,57.4656,21.98,83,4,3.52,MU,1731535666
122,malmberget,67.1753,20.6549,2.31,60,75,7.2,SE,1731535667
123,bakanas,44.8081,76.2772,-2.9,71,47,4.59,KZ,1731535670
124,punta gorda,26.9298,-82.0454,27.03,70,0,7.72,US,1731535530
125,isafjordur,66.0755,-23.124,3.13,91,100,2.67,IS,1731535672
126,arteche,12.2645,125.4048,25.48,91,100,2.99,PH,1731535674
127,goundam,16.4145,-3.6708,28.37,14,26,4.21,ML,1731535675
128,las tablas,7.7667,-80.2833,23.99,99,99,0.7,PA,1731535676
129,ghormach,35.7306,63.7826,6.72,70,100,4.46,AF,1731535574
130,fort bragg,35.139,-79.006,13.91,55,0,2.57,US,1731535678
131,ghat,24.9647,10.1728,19.41,16,0,1.72,LY,1731535679
132,new norfolk,-42.7826,147.0587,13.29,50,68,2.88,AU,1731535680
133,nanga eboko,4.6833,12.3667,20.98,86,6,0.51,CM,1731535633
134,cabo san lucas,22.8909,-109.9124,29.31,53,0,3.09,MX,1731535507
135,dudinka,69.4058,86.1778,-25.44,98,99,2.86,RU,1731535683
136,selfoss,63.9331,-20.9971,5.58,86,98,3.97,IS,1731535685
137,afaahiti,-17.75,-149.2833,23.34,78,98,6.46,PF,1731535686
138,portland,45.5234,-122.6762,12.53,91,75,4.47,US,1731535474
139,stanley,54.868,-1.6985,11.82,92,100,2.31,GB,1731535688
140,saskatoon,52.1168,-106.6345,7.77,49,85,3.58,CA,1731535689
141,polyarnyy,69.1989,33.4478,2.3,82,31,9.41,RU,1731535690
142,anadyr,64.75,177.4833,-2.72,86,40,11.0,RU,1731535691
143,isangel,-19.55,169.2667,32.06,66,75,4.12,VU,1731535692
144,antsiranana,-12.2787,49.2917,23.61,76,69,4.71,MG,1731535693
145,klyuchi,52.2667,79.1667,-6.99,92,100,6.39,RU,1731535694
146,ilebo,-4.3167,20.5833,21.85,95,100,0.6,CD,1731535695
147,dakhla,23.6848,-15.958,19.44,86,6,4.37,EH,1731535696
148,coquimbo,-29.9533,-71.3436,17.21,63,100,3.6,CL,1731535697
149,crane,31.3974,-102.3501,21.5,14,0,5.13,US,1731535698
150,stephenville,32.2207,-98.2023,23.07,28,0,8.23,US,1731535699
151,tralee,52.2704,-9.7026,7.88,96,93,1.63,IE,1731535700
152,longyearbyen,78.2186,15.6401,1.91,75,40,7.2,SJ,1731535701
153,alice springs,-23.7,133.8833,19.75,30,100,0.51,AU,1731535702
154,acarau,-2.8856,-40.12,26.16,79,15,7.72,BR,1731535701
155,skiathos,39.1623,23.4909,13.32,81,100,5.23,GR,1731535705
156,grand falls-windsor,48.9332,-55.6649,0.84,89,100,4.92,CA,1731535670
157,brisas de zicatela,15.8369,-97.0419,30.29,79,75,4.12,MX,1731535707
158,pochinok,54.4068,32.4407,0.1,79,100,2.15,RU,1731535708
159,la passe,45.5549,-0.8967,6.5,74,50,7.78,FR,1731535709
160,shahkot,31.0775,75.3372,19.26,43,52,1.75,IN,1731535710
161,hawaiian paradise park,19.5933,-154.9731,26.61,94,100,2.57,US,1731535711
162,tindouf,27.6711,-8.1474,17.56,54,0,4.4,DZ,1731535712
163,susanville,40.4163,-120.653,3.11,91,94,3.9,US,1731535630
164,bel ombre,-4.6167,55.4167,26.79,76,100,4.19,SC,1731535714
165,maputo,-25.9653,32.5892,20.54,71,31,5.76,MZ,1731535715
166,bonga,7.2833,36.2333,14.33,96,6,1.01,ET,1731535716
167,kui buri,12.0828,99.8543,24.91,81,8,1.46,TH,1731535717
168,yuzhno-kurilsk,44.0306,145.8556,2.6,69,40,2.81,RU,1731535718
169,mhamid,29.82,-5.72,19.74,31,0,4.03,MA,1731535719
170,fale old settlement,-9.3852,-171.2468,28.39,79,13,7.7,TK,1731535720
171,punta arenas,-53.15,-70.9167,12.06,47,40,14.92,CL,1731535722
172,mount gambier,-37.8333,140.7667,12.46,60,91,2.68,AU,1731535447
173,nema,57.5067,50.5011,-1.54,92,100,3.62,RU,1731535725
174,gustrow,53.7972,12.1734,7.18,100,75,3.09,DE,1731535726
175,talcahuano,-36.7167,-73.1167,17.82,63,0,8.75,CL,1731535530
176,santa cruz,-17.8,-63.1667,28.03,42,20,5.66,BO,1731535728
177,pandan,14.0453,124.1694,25.81,87,100,3.07,PH,1731535729
178,nar'yan-mar,67.6713,53.087,-0.99,96,100,6.46,RU,1731535730
179,nantucket,41.2835,-70.0995,5.08,60,75,10.8,US,1731535511
180,faranah,10.0404,-10.7434,23.52,60,96,0.81,GN,1731535732
181,kingston,17.997,-76.7936,26.2,93,100,2.32,JM,1731535632
182,sanarate,14.795,-90.1922,25.1,80,84,1.3,GT,1731535734
183,lihue,21.9789,-159.3672,26.77,74,100,9.26,US,1731535735
184,atafu village,-8.5421,-172.5159,28.5,76,14,5.57,TK,1731535737
185,helena valley west central,46.6629,-112.0604,9.81,39,56,5.36,US,1731535738
186,pisco,-13.7,-76.2167,21.03,73,0,4.12,PE,1731535442
187,mukalla,14.5425,49.1242,24.71,58,54,1.81,YE,1731535731
188,albacete,38.8333,-2.0,8.45,93,75,1.03,ES,1731535741
189,gamba,-2.65,10.0,25.39,90,100,3.94,GA,1731535742
190,merizo village,13.2658,144.6691,27.21,92,100,5.99,GU,1731535743
191,port saint john's,-31.6229,29.5448,17.53,81,100,3.74,ZA,1731535744
192,port hedland,-20.3167,118.5667,30.03,45,48,5.14,AU,1731535745
193,elko,41.0002,-115.5012,10.13,44,89,2.68,US,1731535468
194,longford,53.7333,-7.8,10.96,98,100,1.81,IE,1731535747
195,san jose del guaviare,2.5729,-72.6459,29.19,70,93,1.64,CO,1731535748
196,tolanaro,-25.0319,46.9987,23.07,96,11,2.23,MG,1731535749
197,kourou,5.1552,-52.6478,25.16,89,26,2.85,GF,1731535750
198,san pedro pochutla,15.7333,-96.4667,30.4,68,74,2.3,MX,1731535751
199,hilo,19.7297,-155.09,26.73,83,100,2.57,US,1731535660
200,akdepe,42.0551,59.3788,0.64,53,3,1.97,TM,1731535753
201,mejit,10.2753,170.8646,28.45,69,79,6.98,MH,1731535754
202,tura,25.5198,90.2201,17.4,80,0,2.03,IN,1731535755
203,tamanrasset,22.785,5.5228,13.95,21,0,2.06,DZ,1731535757
204,klaksvik,62.2266,-6.589,8.63,81,100,8.47,FO,1731535758
205,rawdon,46.0501,-73.7159,-0.81,52,5,1.2,CA,1731535759
206,strathmore,51.0501,-113.3852,6.74,46,100,1.53,CA,1731535760
207,aras-asan,8.8908,126.3033,25.19,89,100,1.51,PH,1731535761
208,zapala,-38.8992,-70.0544,23.78,24,73,10.89,AR,1731535762
209,port mathurin,-19.6833,63.4167,24.49,83,21,7.13,MU,1731535672
210,la'ie,21.6477,-157.9253,26.73,70,81,6.71,US,1731535764
211,east london,-33.0153,27.9116,17.32,65,99,3.03,ZA,1731535765
212,margaret river,-33.95,115.0667,12.04,92,34,4.13,AU,1731535767
213,susuman,62.7833,148.1667,-23.1,98,100,1.29,RU,1731535768
214,general conesa,-40.1,-64.4333,28.51,19,95,3.24,AR,1731535769
215,al lagowa,11.4,29.1333,26.04,31,5,6.09,SD,1731535770
216,kerikeri,-35.2268,173.9474,20.51,92,100,4.02,NZ,1731535771
217,sarupathar,26.1984,93.8094,17.57,96,0,0.52,IN,1731535772
218,magadan,59.5667,150.8,-16.37,74,37,4.73,RU,1731535773
219,bodaybo,57.8506,114.1933,-17.65,97,100,1.1,RU,1731535775
220,torghay,49.6339,63.4981,-2.36,86,89,4.24,KZ,1731535776
221,haiku-pauwela,20.9219,-156.3051,27.36,73,40,12.52,US,1731535777
222,undurkhaan,47.3194,110.6556,-1.5,53,3,0.96,MN,1731535778
223,jacmel,18.2342,-72.5347,26.54,84,94,1.47,HT,1731535780
224,katsuura,35.1333,140.3,17.89,74,69,5.32,JP,1731535781
225,maceio,-9.6658,-35.7353,24.69,78,20,4.63,BR,1731535584
226,talnakh,69.4865,88.3972,-24.02,100,98,0.96,RU,1731535664
227,petropavlovsk-kamchatsky,53.0452,158.6483,-13.67,61,0,5.0,RU,1731535784
228,belmonte,-15.8631,-38.8828,25.34,82,47,4.85,BR,1731535785
229,sangolqui,-0.3341,-78.4522,18.27,74,98,2.03,EC,1731535786
230,st. john's,47.5649,-52.7093,3.49,97,100,15.95,CA,1731535579
231,labrador city,52.9463,-66.9114,-7.12,68,7,4.92,CA,1731535788
232,patao,11.2202,123.6925,28.38,76,100,2.18,PH,1731535789
233,sao vicente,-23.9631,-46.3919,19.99,26,100,1.34,BR,1731535790
234,czarna bialostocka,53.3051,23.2815,-0.66,90,91,1.8,PL,1731535791
235,tafuna,-14.3358,-170.72,29.97,79,75,7.2,AS,1731535793
236,nadi,-17.8,177.4167,31.0,62,20,5.66,FJ,1731535573
237,suva,-18.1416,178.4415,28.71,79,75,4.63,FJ,1731535610
238,puerto aysen,-45.4,-72.7,12.63,97,88,2.59,CL,1731535796
239,muynoq,43.7683,59.0214,1.57,49,9,2.38,UZ,1731535797
240,sao gabriel da cachoeira,-0.1303,-67.0892,25.39,88,98,1.54,BR,1731535798
241,margate,51.3813,1.3862,8.16,86,100,4.08,GB,1731535799
242,kasongo-lunda,-6.4667,16.8167,22.34,90,91,0.77,CD,1731535800
243,kayangel,8.0823,134.7173,28.71,73,62,2.73,PW,1731535801
244,hirara,24.8,125.2833,27.02,83,9,7.54,JP,1731535803
245,lazaro cardenas,17.9583,-102.2,28.37,72,69,4.08,MX,1731535804
246,thanesar,29.9833,76.8167,18.41,43,1,1.91,IN,1731535805
247,les herbiers,46.8667,-1.0167,7.58,79,80,6.43,FR,1731535806
248,trzebiatow,54.0615,15.2648,3.25,91,100,5.19,PL,1731535807
249,al burayqah,30.4062,19.5739,20.62,43,100,5.37,LY,1731535809
250,ancud,-41.8697,-73.8203,12.35,93,100,3.05,CL,1731535810
251,akureyri,65.6835,-18.0878,3.56,85,38,6.15,IS,1731535811
252,lorengau,-2.0226,147.2712,27.62,81,99,2.29,PG,1731535812
253,aykhal,66.0,111.5,-29.49,100,100,3.58,RU,1731535813
254,thunder bay,48.4001,-89.3168,6.19,75,100,3.14,CA,1731535688
255,tual,-5.6667,132.75,28.5,76,100,3.59,ID,1731535815
256,riachao das neves,-11.7461,-44.91,21.37,95,65,2.59,BR,1731535816
257,iskateley,67.6803,53.1512,-0.99,96,100,6.44,RU,1731535671
258,keflavik,64.0049,-22.5624,6.24,93,100,7.2,IS,1731535818
259,chibougamau,49.9168,-74.3659,-2.07,62,74,3.75,CA,1731535819
260,betio village,1.358,172.9211,31.02,68,58,5.52,KI,1731535820
261,moranbah,-22.0016,148.0466,27.07,55,65,2.85,AU,1731535821
262,vorkuta,67.5,64.0,-25.63,100,79,2.36,RU,1731535822
263,sydney,-33.8679,151.2073,18.46,88,75,9.26,AU,1731535823
264,laguna,38.421,-121.4238,16.14,68,100,8.75,US,1731535824
265,turabah,21.2141,41.6331,20.45,24,0,2.89,SA,1731535825
266,sao raimundo nonato,-9.0153,-42.6994,27.22,61,99,1.18,BR,1731535826
267,swakopmund,-22.6833,14.5333,15.55,84,7,0.89,NA,1731535828
268,hithadhoo,-0.6,73.0833,28.09,76,100,5.47,MV,1731535829
269,guerrero negro,27.9769,-114.0611,24.37,31,0,4.29,MX,1731535830
270,yeppoon,-23.1333,150.7333,25.72,71,100,0.73,AU,1731535832
271,arraial do cabo,-22.9661,-42.0278,22.29,86,100,8.7,BR,1731535765
272,monrovia,6.3005,-10.7969,26.59,80,97,2.84,LR,1731535605
273,noumea,-22.2763,166.4572,29.44,99,74,2.37,NC,1731535835
274,carutapera,-1.195,-46.02,26.18,79,18,4.36,BR,1731535836
275,hengchun,22.0042,120.7439,26.04,81,93,7.24,TW,1731535610
276,menongue,-14.6585,17.691,18.68,75,31,0.86,AO,1731535838
277,severo-yeniseyskiy,60.3725,93.0408,-17.93,94,94,2.63,RU,1731535839
278,tyuratam,45.6507,63.3156,-1.19,67,24,3.42,KZ,1731535840
279,castuera,38.732,-5.5439,8.71,91,80,3.75,ES,1731535841
280,kapa'a,22.0752,-159.319,27.18,78,100,9.26,US,1731535843
281,charters towers,-20.1,146.2667,24.62,63,82,5.66,AU,1731535844
282,namibe,-15.1961,12.1522,25.19,67,95,5.23,AO,1731535845
283,saint-leu,-21.15,55.2833,23.48,97,69,1.09,RE,1731535846
284,hadithah,34.1397,42.3781,17.24,59,0,4.62,IQ,1731535847
285,bethanie,-26.4833,17.15,24.25,8,93,4.51,NA,1731535848
286,taroa,8.7058,171.2275,27.7,80,90,6.3,MH,1731535849
287,gergebil',42.5047,47.0661,4.97,70,7,0.87,RU,1731535850
288,spring creek,40.7266,-115.5859,11.01,25,100,3.59,US,1731535851
289,road town,18.4167,-64.6167,28.02,78,20,1.54,VG,1731535590
290,camana,-16.6228,-72.7111,19.81,76,66,1.56,PE,1731535812
291,neiafu,-18.65,-173.9833,27.38,74,75,5.14,TO,1731535854
292,champerico,14.3,-91.9167,28.53,72,98,3.11,GT,1731535855
293,agdam,39.991,46.9274,6.92,94,100,1.03,AZ,1731535856
294,angaur state,6.906,134.13,28.69,74,42,3.19,PW,1731535857
295,sorsk,54.0033,90.2467,-13.23,75,100,1.69,RU,1731535858
296,taksimo,56.3444,114.8794,-18.04,90,86,1.36,RU,1731535859
297,ponta delgada,37.7333,-25.6667,18.44,72,75,4.63,PT,1731535862
298,saldanha,-33.0117,17.9442,15.86,74,0,9.42,ZA,1731535863
299,dunedin,-45.8742,170.5036,15.45,86,100,1.34,NZ,1731535627
300,tobelo,1.7284,128.0095,27.78,79,53,2.04,ID,1731535865
301,lagoa santa,-19.6272,-43.8897,21.58,88,75,2.57,BR,1731535866
302,marsh harbour,26.5412,-77.0636,24.49,65,65,11.0,BS,1731535867
303,zungeru,9.8128,6.1558,28.78,36,75,1.87,NG,1731535652
304,ola,59.5833,151.2833,-16.05,76,69,5.73,RU,1731535869
305,port shepstone,-30.7414,30.455,18.86,73,100,6.63,ZA,1731535870
306,ansalta,42.6894,46.1178,3.9,61,8,2.31,RU,1731535871
307,pingdu,36.7844,119.9464,13.93,73,100,2.41,CN,1731535872
308,launceston,-41.45,147.1667,11.8,71,100,3.09,AU,1731535873
309,vilyuchinsk,52.9306,158.4028,-12.85,82,6,4.3,RU,1731535874
310,itoman,26.1247,127.6694,26.01,84,75,4.63,JP,1731535875
311,mata-utu,-13.2816,-176.1745,28.0,79,100,8.83,WF,1731535876
312,kodiak,57.79,-152.4072,4.73,60,0,7.2,US,1731535681
313,carauari,-4.8828,-66.8958,25.14,93,100,1.29,BR,1731535878
314,al hazm,16.1641,44.7769,18.73,21,96,0.18,YE,1731535768
315,westport,41.1415,-73.3579,8.34,33,0,3.6,US,1731535881
316,valparaiso,-33.0393,-71.6273,16.8,77,75,4.63,CL,1731535621
317,lerwick,60.1545,-1.1494,9.15,77,54,8.61,GB,1731535883
318,quepos,9.4236,-84.1652,23.71,97,100,0.69,CR,1731535884
319,qaqortoq,60.7167,-46.0333,-2.31,80,100,6.32,GL,1731535885
320,villa gesell,-37.2639,-56.973,16.77,68,62,6.27,AR,1731535886
321,bonthe,7.5264,-12.505,25.94,82,50,1.51,SL,1731535887
322,bechar,31.6167,-2.2167,18.57,36,58,6.23,DZ,1731535889
323,chernigovka,44.3389,132.5728,2.93,92,96,2.86,RU,1731535890
324,jumla,29.2747,82.1838,3.57,53,0,2.68,NP,1731535891
325,inari,68.906,27.0288,2.37,73,100,7.91,FI,1731535673
326,parkes,-33.1333,148.1833,20.24,59,0,3.28,AU,1731535893
327,fengxiang,47.5833,130.8333,-5.63,91,31,2.26,CN,1731535894
328,woodstock,43.1334,-80.7497,3.96,76,100,6.96,CA,1731535835
329,lima duarte,-21.8425,-43.7931,18.23,99,100,1.42,BR,1731535896
330,marshall,34.3834,-86.3333,19.86,61,100,4.92,US,1731535792
331,kill devil hills,36.0307,-75.676,13.32,63,100,5.14,US,1731535784
332,lamu,-2.2717,40.902,26.78,82,24,4.38,KE,1731535900
333,sandnessjoen,66.0217,12.6316,4.06,87,75,4.63,NO,1731535901
334,vanimo,-2.6741,141.3028,27.16,81,100,1.71,PG,1731535902
335,laojunmiao,39.8333,97.7333,3.66,39,32,2.99,CN,1731535903
336,sikasso,10.9167,-7.0,27.74,38,99,1.24,ML,1731535904
337,ust-nera,64.5667,143.2,-31.84,97,69,0.99,RU,1731535905
338,berdigestyakh,62.0989,126.6992,-16.57,98,100,0.63,RU,1731535906
339,giyani,-23.3025,30.7187,19.33,81,92,6.42,ZA,1731535907
340,salinopolis,-0.6136,-47.3561,26.91,81,1,6.06,BR,1731535850
341,pangody,65.85,74.4859,-22.62,100,99,2.77,RU,1731535909
342,magistral'nyy,56.1725,107.4458,-14.05,91,100,1.48,RU,1731535910
343,vila franca do campo,37.7167,-25.4333,18.27,99,7,2.88,PT,1731535911
344,smithers,54.7804,-127.1743,2.18,100,100,2.57,CA,1731535912
345,nizhneudinsk,54.9076,99.0276,-13.34,93,98,0.9,RU,1731535913
346,alofi,-19.0595,-169.9187,25.94,73,75,8.23,NU,1731535805
347,nabire,-3.3667,135.4833,25.1,89,99,1.17,ID,1731535915
348,puerto penasco,31.3167,-113.5333,26.99,41,0,2.57,MX,1731535916
349,kruisfontein,-34.0033,24.7314,14.24,76,97,2.19,ZA,1731535918
350,filingue,14.3521,3.3168,28.53,21,40,3.4,NE,1731535919
351,sadjoavato,-12.6334,49.349,21.05,84,92,1.21,MG,1731535920
352,virac,13.6333,124.2167,22.42,87,100,3.28,PH,1731535921
353,karasburg,-28.0167,18.75,22.83,13,28,4.62,NA,1731535922
354,egilsstadir,65.2653,-14.3948,5.95,61,46,5.14,IS,1731535923
355,medford,42.3265,-122.8756,8.85,88,100,4.12,US,1731535810
356,ghadamis,30.1337,9.5007,18.28,39,0,4.07,LY,1731535925
357,broken hill,-31.95,141.4333,16.49,44,5,6.21,AU,1731535926
358,nuku'alofa,-21.1333,-175.2,27.19,83,40,6.69,TO,1731535927
359,poronaysk,49.2167,143.1167,-2.7,58,99,2.59,RU,1731535928
360,ixtapa,20.7,-105.2,29.01,74,0,4.63,MX,1731535929
361,olyokminsk,60.3736,120.4264,-21.88,99,59,1.53,RU,1731535930
362,itapetinga,-15.2489,-40.2478,23.09,91,100,2.48,BR,1731535931
363,minas de marcona,-15.2119,-75.1103,17.45,67,93,3.82,PE,1731535932
364,sitka,57.0531,-135.33,6.94,65,40,2.57,US,1731535933
365,luderitz,-26.6481,15.1594,20.54,48,49,9.0,NA,1731535934
366,turaif,31.6725,38.6637,13.14,44,0,0.0,SA,1731535935
367,el calafate,-50.3408,-72.2768,11.12,46,2,6.51,AR,1731535897
368,letlhakeng,-24.0944,25.0298,23.49,37,0,3.93,BW,1731535938
369,salaga,8.5508,-0.5188,29.34,35,85,0.97,GH,1731535939
370,aginskoye,51.1,114.53,-13.9,80,2,3.07,RU,1731535940
371,qui nhon,13.7667,109.2333,23.69,92,98,2.01,VN,1731535941
372,aleksandrovsk-sakhalinskiy,50.8975,142.1561,-0.63,61,52,6.23,RU,1731535942
373,weno,7.4515,151.8468,28.97,89,75,3.09,FM,1731535943
374,roma,43.2128,-75.4557,4.26,55,0,1.54,US,1731535933
375,taoudenni,22.6783,-3.9836,25.01,16,25,1.6,ML,1731535945
376,miranda do douro,41.4969,-6.2731,9.12,77,100,9.34,PT,1731535946
377,palmer,42.1584,-72.3287,5.84,34,0,5.14,US,1731535748
378,broome,42.2506,-75.833,5.56,53,0,2.06,US,1731535948
379,muisne,0.6,-80.0333,23.91,74,62,4.09,EC,1731535949
380,durant,33.994,-96.3708,22.24,37,0,7.2,US,1731535950
381,kijang,35.2442,129.2139,13.68,68,42,4.32,KR,1731535951
382,istok,42.7808,20.4875,0.09,79,96,1.33,XK,1731535952
383,pathein,16.7833,94.7333,23.31,93,12,2.03,MM,1731535668
384,vila velha,-20.3297,-40.2925,21.97,96,100,6.69,BR,1731535954
385,luis correia,-2.8792,-41.6669,28.0,74,20,7.2,BR,1731535956
386,fort william,56.8165,-5.1121,10.17,96,95,1.49,GB,1731535957
387,kununurra,-15.7667,128.7333,25.99,89,89,1.03,AU,1731535958
388,qurayyat,31.3318,37.3428,15.1,51,0,3.09,SA,1731535959
389,shenjiamen,29.9576,122.298,20.35,87,20,4.47,CN,1731535960
390,daokou,35.5639,114.5058,14.52,96,100,0.63,CN,1731535961
391,kapuskasing,49.4169,-82.4331,1.0,100,100,8.23,CA,1731535962
392,mbekenyera,-10.0,38.9833,23.69,87,41,1.61,TZ,1731535963
393,zhangye,38.9342,100.4517,5.56,47,100,0.15,CN,1731535964
394,shakhun'ya,57.6758,46.6114,-0.3,90,100,4.5,RU,1731535965
395,enewetak,11.3474,162.3373,28.44,73,71,7.32,MH,1731535966
396,xilin hot,43.9667,116.0333,1.79,80,5,2.47,CN,1731535967
397,st. catharines,43.1668,-79.2496,7.01,51,75,5.14,CA,1731535907
398,saudarkrokur,65.7461,-19.6394,4.26,85,63,8.72,IS,1731535969
399,achacachi,-16.05,-68.6833,10.22,71,82,5.33,BO,1731535970
400,coswig,51.1333,13.5833,4.67,95,75,2.06,DE,1731535971
401,praia da vitoria,38.7333,-27.0667,18.14,82,20,5.12,PT,1731535972
402,kitakata,37.65,139.8667,6.4,89,1,1.09,JP,1731535974
403,tortoli,39.9256,9.6572,14.99,89,92,0.89,IT,1731535975
404,vallegrande,-18.4897,-64.1069,18.67,55,100,2.15,BO,1731535976
405,kem',64.9555,34.5793,2.58,85,34,6.8,RU,1731535977
406,tsiombe,-25.3,45.4833,24.45,81,100,3.54,MG,1731535978
407,glace bay,46.1969,-59.957,2.2,79,100,17.49,CA,1731535979
408,malaut,30.2167,74.4833,19.36,37,6,0.99,IN,1731535980
409,krasavino,60.9614,46.4814,0.43,90,100,4.57,RU,1731535981
410,mingshui,36.7167,117.5,14.1,94,100,1.78,CN,1731535982
411,sipalay,9.75,122.5,24.45,87,95,1.64,PH,1731535983
412,altay,47.8667,88.1167,-4.01,98,100,1.28,CN,1731535984
413,northam,51.0333,-4.2167,9.78,93,55,1.01,GB,1731535985
414,constitucion,-35.3333,-72.4167,19.24,63,16,6.92,CL,1731535986
415,mtambile,-5.3833,39.7,26.31,84,3,3.52,TZ,1731535987
416,colonia,50.9333,6.95,9.42,93,100,2.57,DE,1731535988
417,portoferraio,42.8115,10.3146,13.87,57,13,1.06,IT,1731535990
418,perry,37.2506,-83.1999,14.82,58,100,0.93,US,1731535992
419,walvis bay,-22.9575,14.5053,14.34,91,0,2.87,NA,1731535993
420,nuuk,64.1835,-51.7216,-4.66,93,100,3.6,GL,1731535994
421,ilhabela,-23.7781,-45.3581,18.82,88,100,1.39,BR,1731535995
422,bucerias,20.75,-105.3333,29.43,74,0,4.63,MX,1731535907
423,hami,42.8,93.45,8.05,50,39,3.41,CN,1731535997
424,san borja,-14.8167,-66.85,19.84,83,100,1.14,BO,1731535998
425,sidney,-33.8679,151.2073,18.46,88,75,9.26,AU,1731535711
426,ardestan,33.3761,52.3694,9.51,65,58,1.79,IR,1731536000
427,agat village,13.3886,144.6585,27.98,92,100,6.11,GU,1731536001
428,ust-tsilma,65.441,52.1498,-1.42,93,100,3.54,RU,1731536002
429,kargil,34.5667,76.1,-3.4,70,96,2.35,IN,1731536003
430,waingapu,-9.6567,120.2641,27.43,75,100,3.04,ID,1731536004
431,trujillo,-8.116,-79.03,18.98,88,90,4.12,PE,1731535774
432,sitangkai,4.6628,119.3928,28.59,71,37,3.23,PH,1731536006
433,msanga,-6.05,36.0333,22.66,65,7,3.18,TZ,1731536008
434,taro,-8.3862,115.28,19.3,99,63,0.47,ID,1731536009
435,griffith,41.5284,-87.4237,11.92,61,40,3.6,US,1731536010
436,port lincoln,-34.7333,135.8667,14.35,62,100,3.22,AU,1731536011
437,bikenibeu village,1.3673,173.1241,30.98,70,20,5.66,KI,1731536012
438,puerto san jose,13.9256,-90.8244,28.03,78,75,2.06,GT,1731535911
439,palikir - national government center,6.9248,158.1611,27.41,83,100,3.09,FM,1731536014
440,basco,20.4487,121.9702,27.11,87,100,9.3,PH,1731536015
441,bria,6.5423,21.9863,22.96,64,79,2.02,CF,1731536016
442,howard springs,-12.497,131.047,26.6,93,85,1.07,AU,1731536017
443,karatuzskoye,53.6072,92.8667,-8.92,76,100,0.91,RU,1731536018
444,kiama,-34.6833,150.8667,19.1,84,99,0.45,AU,1731536019
445,rakops,-21.0167,24.3333,26.1,50,75,6.65,BW,1731536020
446,songea,-10.6833,35.65,22.58,49,70,2.47,TZ,1731536022
447,takoradi,4.8845,-1.7554,25.96,84,33,2.22,GH,1731536023
448,madang,-5.2246,145.7966,26.24,86,97,1.67,PG,1731536024
449,vorgashor,67.5833,63.95,-24.64,99,77,2.75,RU,1731536027
450,sligo,54.2697,-8.4694,12.04,98,100,2.08,IE,1731536028
451,farasan,16.7022,42.1183,28.89,69,2,1.37,SA,1731536030
452,christchurch,-43.5333,172.6333,15.79,94,75,5.14,NZ,1731535923
453,walterboro,32.9052,-80.6668,17.19,63,0,3.09,US,1731536033
454,sorada,19.75,84.4333,20.62,88,4,1.17,IN,1731536034
455,port-gentil,-0.7193,8.7815,25.84,84,94,2.24,GA,1731536035
456,troitskoye,52.9821,84.6757,-8.78,86,100,4.82,RU,1731536037
457,fazilka,30.4,74.0333,20.09,36,11,1.74,IN,1731536038
458,wafangdian,39.6183,122.0081,11.8,77,100,2.37,CN,1731536039
459,dryden,49.7833,-92.7503,2.16,100,100,3.09,CA,1731536040
460,ishigaki,24.3448,124.1572,27.07,89,20,4.63,JP,1731536042
461,santa rosalia,27.3167,-112.2833,23.96,31,0,5.35,MX,1731536043
462,tamulte de las sabanas,18.2167,-92.7833,30.07,69,10,3.41,MX,1731536045
463,karratha,-20.7377,116.8463,30.16,27,76,3.22,AU,1731536046
464,okhansk,57.7186,55.3877,-4.43,94,96,3.48,RU,1731536047
465,masterton,-40.9597,175.6575,15.2,87,100,2.28,NZ,1731536049
466,liebenau,52.6036,9.0972,9.15,98,100,3.27,DE,1731536050
467,ebon,4.582,168.6964,28.32,76,73,6.75,MH,1731536051
468,ar rahad,12.7167,30.65,25.92,33,1,5.64,SD,1731536054
469,soio,-6.1349,12.3689,25.73,91,100,3.77,AO,1731535958
470,bejaia,36.7559,5.0843,16.6,63,0,3.09,DZ,1731536056
471,iranshahr,27.2025,60.6848,21.33,27,0,0.94,IR,1731536058
472,cidreira,-30.1811,-50.2056,19.35,61,0,3.21,BR,1731536059
473,al-hamdaniya,36.2715,43.3737,17.37,61,91,1.98,IQ,1731536060
474,corowa,-36.0333,146.3833,18.13,61,29,0.36,AU,1731536062
475,codajas,-3.8367,-62.0569,25.43,86,82,2.26,BR,1731536063
476,changyon,38.2508,125.0961,10.62,84,96,1.4,KP,1731536064
477,lagoa,39.05,-27.9833,18.49,78,100,6.67,PT,1731536065
478,boyolangu,-8.1181,111.8935,24.14,95,20,0.63,ID,1731536029
479,sovetskaya gavan',48.9723,140.2878,-4.62,69,100,1.64,RU,1731536068
480,fortuna,40.5982,-124.1573,14.51,92,75,3.6,US,1731536069
481,remire-montjoly,4.9167,-52.2667,28.02,78,75,2.57,GF,1731536071
482,kabala,9.5833,-11.55,22.29,87,82,0.43,SL,1731536072
483,wernigerode,51.8333,10.7833,7.31,94,100,2.32,DE,1731536073
484,daru,-9.0763,143.2092,27.65,80,100,5.26,PG,1731536074
485,chandla,25.0833,80.2,20.37,43,0,0.28,IN,1731536076
486,robore,-18.3333,-59.75,25.05,65,40,0.0,BO,1731536077
487,vilyuysk,63.7553,121.6247,-19.9,96,82,3.0,RU,1731536078
488,wum,6.3833,10.0667,21.39,68,74,1.42,CM,1731536080
489,pine bluff,34.2284,-92.0032,21.96,74,40,3.09,US,1731536081
490,vadso,70.0744,29.7487,5.09,75,75,9.26,NO,1731536082
491,greymouth,-42.4667,171.2,11.84,94,100,4.72,NZ,1731536083
492,fada,7.25,4.0667,27.37,94,40,1.54,NG,1731536085
493,bodo,67.28,14.405,4.02,81,75,12.86,NO,1731535928
494,sechura,-5.5569,-80.8222,21.56,68,41,6.92,PE,1731536087
495,loango,-4.6719,11.8312,25.24,92,100,2.56,CG,1731536089
496,balcarce,-37.8462,-58.2552,21.57,54,49,1.85,AR,1731536090
497,tam ky,15.5667,108.4833,23.81,93,98,0.77,VN,1731536091
498,najran,17.4924,44.1277,15.06,26,41,0.32,SA,1731536092
499,lupiro,-8.3833,36.6667,26.22,68,5,4.04,TZ,1731536093
500,guozhen,34.3659,107.359,11.76,91,88,0.69,CN,1731536094
501,amga,60.8953,131.9608,-21.63,99,99,0.81,RU,1731535934
502,urzhar,47.093,81.6294,-5.37,90,100,3.16,KZ,1731536096
503,okha,53.5739,142.9478,-5.22,76,100,4.7,RU,1731536097
504,jijiang,29.2906,106.2542,18.61,90,99,0.25,CN,1731536098
505,ban phai,16.06,102.731,24.37,74,100,2.01,TH,1731536099
506,rushville,39.6092,-85.4464,11.81,70,100,3.13,US,1731536035
507,utrik,11.2278,169.8474,28.3,67,35,7.1,MH,1731536101
508,kuta,-8.7233,115.1723,26.97,94,20,1.54,ID,1731536103
509,namtsy,62.7161,129.6658,-21.36,98,100,2.17,RU,1731536104
510,tabas,33.5959,56.9244,14.21,54,98,4.64,IR,1731536105
511,baiyin,36.5583,104.2081,4.39,76,56,1.3,CN,1731536106
512,seven pagodas,12.6264,80.1722,25.81,87,86,3.24,IN,1731536107
513,jutai,-5.1833,-68.9,27.31,81,94,0.17,BR,1731536108
514,mar del plata,-38.0023,-57.5575,19.18,69,20,5.81,AR,1731536038
515,dunn,44.95,-91.8835,8.99,74,40,2.06,US,1731536110
516,wellington,-41.2866,174.7756,17.81,77,100,7.72,NZ,1731536098
517,potchefstroom,-26.7167,27.1,19.78,46,56,3.92,ZA,1731536031
518,raja,8.4596,25.678,25.44,37,13,1.85,SS,1731536113
519,rong'an,26.1247,119.1214,21.11,95,100,0.83,CN,1731536114
520,cururupu,-1.8283,-44.8683,24.41,86,7,1.23,BR,1731536115
521,el porvenir,13.7617,-87.3458,25.67,92,83,1.72,HN,1731536116
522,puerto baquerizo moreno,-0.9,-89.6,24.55,65,20,5.66,EC,1731536117
523,gisborne,-38.6533,178.0042,19.63,66,46,3.14,NZ,1731535902
524,chernyshevskiy,63.0128,112.4714,-18.52,98,100,2.04,RU,1731536120
525,junin de los andes,-39.9504,-71.0694,19.5,40,76,6.5,AR,1731536121
526,sullivan,36.5168,-82.5332,16.43,40,75,3.6,US,1731536065
527,chilca,-12.5211,-76.7372,18.69,81,13,3.24,PE,1731536123
528,motygino,58.1831,94.7592,-18.31,99,80,1.07,RU,1731536124
529,coyhaique,-45.5752,-72.0662,11.24,94,74,3.15,CL,1731536000
530,pemangkat,1.1667,108.9667,25.35,87,100,2.59,ID,1731536126
531,big bend,-26.8167,31.9333,18.87,77,7,3.83,SZ,1731536127
532,lloydminster,53.2835,-110.0016,2.12,80,100,3.6,CA,1731536128
533,kone,-21.0595,164.8658,30.93,45,77,0.66,NC,1731536129
534,biloela,-24.4167,150.5,25.77,72,43,3.51,AU,1731536130
535,lovrenc na pohorju,46.5406,15.3931,0.82,91,100,1.22,SI,1731536131
536,xiaoweizhai,26.1903,107.5125,17.03,96,2,1.02,CN,1731536132
537,nizhneangarsk,55.7833,109.55,-15.46,71,47,2.19,RU,1731536133
538,gaoual,11.75,-13.2,25.84,63,100,0.52,GN,1731536134
539,dunda,-8.1167,34.25,21.94,56,1,0.23,TZ,1731536135
540,mili,6.0815,171.735,27.64,79,36,6.05,MH,1731536115
541,boa vista,2.8197,-60.6733,31.99,55,20,1.54,BR,1731535875
542,likiep,9.8251,169.3107,28.2,72,67,7.51,MH,1731536139
543,quang ngai,15.1167,108.8,22.76,96,72,1.07,VN,1731536140
544,rehoboth,-23.3167,17.0833,23.29,13,0,2.1,NA,1731536141
545,galveston,29.3669,-94.9669,28.92,58,75,3.6,US,1731536142
546,constantia,44.1833,28.65,5.39,79,100,5.37,RO,1731536041
547,mao,39.8885,4.2658,16.31,82,20,2.57,ES,1731536144
548,balabac,7.9868,117.0645,27.15,75,98,2.32,PH,1731536145
549,salekhard,66.53,66.6019,-30.21,100,96,0.88,RU,1731535947
550,sisimiut,66.9395,-53.6735,-3.95,58,100,11.85,GL,1731536147
551,at taj,24.2049,23.2857,16.29,40,2,4.6,LY,1731536148
552,uyar,55.81,94.3153,-12.8,81,85,1.96,RU,1731536149
553,geraldton,-28.7667,114.6,16.23,94,20,2.06,AU,1731536150
554,chos malal,-37.3781,-70.2709,28.03,22,20,7.77,AR,1731536066
555,port blair,11.6667,92.75,27.02,89,40,1.03,IN,1731536106
556,cheremukhovo,60.3484,59.9851,-6.78,96,100,0.9,RU,1731536155
557,progreso,21.2833,-89.6667,26.66,83,92,4.16,MX,1731536156
558,muli,2.9167,73.5667,28.18,71,83,3.61,MV,1731536157
559,boguchany,58.3814,97.4531,-14.48,96,77,1.65,RU,1731536158
560,atlantic beach,30.3344,-81.3987,24.01,70,75,9.77,US,1731536159
561,tanumah,27.1,44.1333,18.6,48,6,3.79,SA,1731536160
562,kropyvnytskyi,48.5132,32.2597,1.08,97,100,2.21,UA,1731536161
563,usogorsk,63.4106,48.6872,-0.37,95,100,4.35,RU,1731536162
564,narathiwat,6.3333,101.75,24.92,96,69,1.2,TH,1731536163
565,tadine,-21.55,167.8833,26.92,71,36,3.81,NC,1731536164
566,ukmerge,55.25,24.75,-2.07,90,0,2.56,LT,1731536165
567,ustyuzhna,58.8394,36.4321,1.96,91,100,5.0,RU,1731536166
568,giporlos,11.12,125.4494,26.1,88,100,1.99,PH,1731536167
569,namsos,64.4662,11.4957,4.95,81,75,7.72,NO,1731536168
570,amurzet,47.6967,131.0981,-5.86,94,17,2.61,RU,1731536169
571,hotan,37.0997,79.9269,8.29,46,19,2.83,CN,1731536170
572,el jadid,33.2549,-8.506,18.33,71,100,5.03,MA,1731536171
573,nieuw amsterdam,5.8833,-55.0833,25.01,88,40,2.06,SR,1731536173
574,trashi yangtse,27.6116,91.498,9.32,78,5,2.67,BT,1731536174
575,nova vicosa,-17.8919,-39.3719,25.53,82,90,6.41,BR,1731536175
576,fort st. john,56.2499,-120.8529,-5.06,93,100,4.12,CA,1731536176
577,naha,26.2125,127.6811,25.95,84,75,4.63,JP,1731535995
578,papao,-17.75,-149.55,28.82,79,86,7.37,PF,1731536178
579,arar,30.9753,41.0381,15.01,72,0,0.0,SA,1731536179
580,robertsport,6.7533,-11.3686,26.58,80,79,3.18,LR,1731536180
581,alappuzha,9.49,76.3264,26.22,84,99,2.04,IN,1731536181
582,arbelaez,4.2725,-74.4151,21.41,90,100,0.61,CO,1731536157
583,linhares,-19.3911,-40.0722,24.19,91,93,2.02,BR,1731536184
584,sodankyla,67.4167,26.6,1.19,78,14,5.2,FI,1731536185
